RETAILER_CODE,COMPANY_NAME,COMPANY_NAME_MB,RETAILER_TYPE_CODE ,RETAILER_START_DATE 
1101,ActiForme,ActiForme,5,2009-03-12 0:00
1115,SportsClub,SportsClub,1,2008-07-13 0:00
1123,Anapurna,Anapurna,3,2012-03-06 0:00
1132,Cordages Discount,Cordages Discount,4,2009-05-12 0:00
1133,Altitudes extrÌ»mes,Altitudes extrÌ»mes,6,2008-10-12 0:00
1134,Optique et Lentilles,Optique et Lentilles,7,2008-08-12 0:00
1135,Camping Sauvage,Camping Sauvage,6,2008-03-12 0:00
1137,Grand choix,Grand choix,2,2008-07-12 0:00
1144,Die Fitness-Experten,Die Fitness-Experten,3,
1147,Der Fitness-Doktor,Der Fitness-Doktor,8,2009-12-13 0:00
1148,Sport & Freizeit,Sport & Freizeit,2,2008-04-12 0:00
1149,Holstein Golf,Holstein Golf,1,2007-06-13 0:00
1150,Die Zeltstadt,Die Zeltstadt,4,2008-03-13 0:00
1151,Extrem!,Extrem!,6,2010-06-07 0:00
1154,In die Berge!,In die Berge!,6,2012-12-12 0:00
1157,Rad und Tat,Rad und Tat,3,2012-04-11 0:00
1158,Weitblick,Weitblick,7,2009-06-12 0:00
1189,Rock Steady,Rock Steady,6,2008-03-12 0:00
1190,Ultra Sports,Ultra Sports,8,2010-03-08 0:00
1191,Mountain Madness,Mountain Madness,3,2012-02-10 0:00
1192,VIP Department Stores,VIP Department Stores,2,2007-09-12 0:00
1193,Le Golfeur,Le Golfeur,1,2009-06-12 0:00
1194,Sunglass Corner,Sunglass Corner,7,2009-12-12 0:00
1195,Falcon Outfitters,Falcon Outfitters,6,2007-03-12 0:00
1196,Maximum Sports,Maximum Sports,8,2008-04-14 0:00
1197,Act'N'Up Fitness,Act'N'Up Fitness,4,2007-01-13 0:00
1198,Advanced Climbing Ltd,Advanced Climbing Ltd,5,2007-12-12 0:00
1199,Outdoor Gear Co-op,Outdoor Gear Co-op,4,2011-11-07 0:00
1200,Golf Masters,Golf Masters,1,2009-09-13 0:00
1201,The Marketplace,The Marketplace,2,2007-06-12 0:00
1202,Camping Equipment Online,Camping Equipment Online,3,
1203,Tamarack Outfitter Rentals,Tamarack Outfitter Rentals,5,2008-10-15 0:00
1204,Extreme Outdoors,Extreme Outdoors,6,2009-01-12 0:00
1205,Eye Dimensions,Eye Dimensions,7,2009-07-12 0:00
1206,Donovan's Sports,Donovan's Sports,8,2007-02-12 0:00
1208,Trail Masters,Trail Masters,6,2010-11-11 0:00
1209,Second Wind Sports,Second Wind Sports,8,2007-09-12 0:00
1210,The Golf Hut,The Golf Hut,1,2008-03-13 0:00
1211,Buena Vista Eyeware,Buena Vista Eyeware,7,2007-05-15 0:00
1212,Jack and Jill Climbing School & Supplies,Jack and Jill Climbing School & Supplies,6,2010-07-13 0:00
1213,Edward's Department Store,Edward's Department Store,2,2008-07-19 0:00
1214,Parkland Camping Rentals,Parkland Camping Rentals,5,2012-07-14 0:00
1215,Consumer Club,Consumer Club,4,2008-10-12 0:00
1216,Connor Department Store,Connor Department Store,2,2007-06-12 0:00
1217,By A Thread,By A Thread,6,2010-07-14 0:00
1218,Hartman's,Hartman's,2,2008-07-12 0:00
1219,Mega-Outlet,Mega-Outlet,4,2007-01-12 0:00
1220,Pumped!,Pumped!,8,2009-04-12 0:00
1221,The Caddy's Corner,The Caddy's Corner,1,2009-04-13 0:00
1222,Up The Creek,Up The Creek,5,2009-03-13 0:00
1223,American Home,American Home,2,2007-10-16 0:00
1224,Weston Outfitters,Weston Outfitters,6,2007-04-12 0:00
1225,La bonne Forme,La bonne Forme,8,2007-06-12 0:00
1226,"ArtÌ_culos de Campismo El Aquila, S.A. de C.V.","ArtÌ_culos de Campismo El Aquila, S.A. de C.V.",6,2010-08-10 0:00
1227,"Todo para el Golf, S.A. de C.V.","Todo para el Golf, S.A. de C.V.",1,2009-12-12 0:00
1228,"MER-KA-DOS, S.A. de C.V.","MER-KA-DOS, S.A. de C.V.",2,2007-01-13 0:00
1229,Golf Shop Jiro,‹â«‹ÄÇ‹Ä¥ ‹âá‹Ä¤‹ÄÄ‹ÄÑ¾ÂÁÄ_,1,2007-04-13 0:00
1230,Japan Sports Youhinten,¾Ñ´¾ÏÂ‹â_‹Ä‹Ä_‹ÄãÓ¬ŒÒŒ¼Ñ,8,2010-02-09 0:00
1231,Hinode Megane,¾Ñ´‹¨Œà¼‹ÄÁ‹âÂ‹Ä,7,2012-09-13 0:00
1232,Hanagata Golf Shop,_±Œ_¢‹â«‹ÄÇ‹Ä¥ ‹âá‹Ä¤‹ÄÄ‹ÄÑ,1,2011-02-07 0:00
1233,Kitanaka Tozanyouhinten,ŒÎÑŠü_ªÈŒ±±Ó¬ŒÒŒ¼Ñ,5,2007-01-12 0:00
1234,Kanjosen Sport,Õ¡_¦á_‹â_‹Ä‹Ä_‹Äã,8,2009-11-12 0:00
1235,Chuei Hyakkaten,Šü_Ü±ª__¬Œ¼Ñ,2,2009-01-12 0:00
1236,NIPPON Sofcon Net,¾Ñ´¾ÏÂ Sofcon ‹Ä‹ÄÄ‹Äö,3,2007-02-13 0:00
1237,Campingspecialisten,Campingspecialisten,6,2011-03-07 0:00
1238,Sport Jonas,Sport Jonas,8,2008-04-12 0:00
1240,T & R Sport,T & R Sport,3,2012-07-18 0:00
1241,Sportworld,Sportworld,2,2007-05-12 0:00
1242,Topforma,Topforma,3,2009-06-12 0:00
1243,Get Out,Get Out,5,2007-12-12 0:00
1244,Holland Zonzoekers,Holland Zonzoekers,1,2008-09-12 0:00
1245,Beter Buitenleven,Beter Buitenleven,6,2010-11-08 0:00
1246,Extra Sport,Extra Sport,8,2009-07-12 0:00
1247,NonSoloNeve,NonSoloNeve,8,2008-05-12 0:00
1248,Paradiso della Tenda,Paradiso della Tenda,6,2010-12-06 0:00
1249,Bellini,Bellini,1,2007-08-12 0:00
1250,Brambilla,Brambilla,2,2007-08-12 0:00
1255,Beach Beds Pty Ltd.,Beach Beds Pty Ltd.,2,2011-01-13 0:00
1256,Blue Mountains Golfing Company,Blue Mountains Golfing Company,1,2011-01-13 0:00
1257,Kanga Kampers,Kanga Kampers,6,2011-01-12 0:00
1258,Naranco de Bulnes,Naranco de Bulnes,6,2007-07-12 0:00
1259,Ocio y Aventura,Ocio y Aventura,2,2007-06-12 0:00
1260,Esportes Grumari,Esportes Grumari,2,2008-11-12 0:00
1261,Preben's TÌüy,Preben's TÌüy,6,2010-06-07 0:00
1268,Arjan Aitta,Arjan Aitta,6,2008-06-12 0:00
1270,Hansung Golf,’¥Ï“ã± _¬’Óã,1,2007-03-20 0:00
1271,Taeho Sports,’ÄÏ’÷ü “__’Â“üÊ,8,2007-02-12 0:00
1272,"Chen Yu Enterprise Co.,",¾ÎøŒ¨àŠ_¾´_,2,2007-07-12 0:00
1273,Fu Chin Sport Equipment Co.,ŒøÎŒ±¥ÜŒÜ¥Œª¬¾ŒÉÂŒü,3,2011-07-14 0:00
1274,Hai Wan Shin Sport Equipment Co.,¾µá_Ü¾÷ÙÜŒÜ¥Œª¬¾ŒÉÂŒü,1,2008-12-12 0:00
1275,"Hangzhou Superman Sports Goods Co., LTD.",¾_Œá_¦ÉŠ¼¼Š_Òâ_Ó¬ŒÒ¾ÏäªŒÉÂŒü,1,2009-09-12 0:00
1276,"China Multi-channel Sports Co., LTD.",Šü_Œİ_Œ__ÒŠ_Òâ_¾ÏäªŒÉÂŒü,3,2012-01-16 0:00
1277,"Lan King Sports Co., LTD.",ŒÑŠ¼ÂŠ_Òâ_¾ÏäªŒÉÂŒü,6,2009-02-12 0:00
1278,Beck's Sports Store,Beck's Sports Store,8,2007-04-12 0:00
1279,Browns Opticals,Browns Opticals,7,2009-12-12 0:00
1280,Hurst Ironmongers,Hurst Ironmongers,1,2008-12-12 0:00
1281,Jensen Mountaineering,Jensen Mountaineering,6,2010-07-14 0:00
1282,Leisure Land,Leisure Land,2,2009-09-12 0:00
1283,Outdoor Experience,Outdoor Experience,6,2011-01-13 0:00
1284,Romford Tools Ltd,Romford Tools Ltd,3,
1285,Alles fÌ_r DrauÌÙen,Alles fÌ_r DrauÌÙen,3,2011-11-09 0:00
1286,Arnold's Clubs,Arnold's Clubs,1,2011-01-20 0:00
1288,Windsurfing ZÌ_richsee,Windsurfing ZÌ_richsee,8,2011-01-12 0:00
1289,Golf's'us,Golf's'us,1,2008-04-20 0:00
1293,Allo Allo,Allo Allo,3,2008-05-15 0:00
1294,Caravanserai,Caravanserai,6,2010-08-18 0:00
1309,AusrÌ_stungshaus Globetrotter,AusrÌ_stungshaus Globetrotter,2,2008-06-12 0:00
1310,Golfer-Paradies,Golfer-Paradies,1,2009-08-12 0:00
1311,Outdoor-FachgeschÌ_ft MÌ_ller,Outdoor-FachgeschÌ_ft MÌ_ller,6,2009-10-12 0:00
1313,Over the Top Cycles,Over the Top Cycles,3,2009-11-12 0:00
1314,Excellence en Montagne,Excellence en Montagne,6,2010-09-07 0:00
1315,Vacation Central,Vacation Central,3,
1316,Outdoor Central Ltd,Outdoor Central Ltd,6,2012-03-07 0:00
1317,Precipice Equipment,Precipice Equipment,6,2008-02-12 0:00
1318,Clear Valley Waters,Clear Valley Waters,3,2008-04-15 0:00
1319,Eyewear 2000,Eyewear 2000,7,2010-10-19 0:00
1320,Expert Fitness,Expert Fitness,4,2008-05-12 0:00
1321,Andes Camping Supplies,Andes Camping Supplies,6,2007-11-20 0:00
1322,Golfer's Paradise,Golfer's Paradise,1,2011-01-19 0:00
1323,Fresh Air Co,Fresh Air Co,8,2012-07-10 0:00
1324,Mountaineering Gear,Mountaineering Gear,6,2010-07-12 0:00
1325,Boutique L'Aventure,Boutique L'Aventure,8,2013-07-11 0:00
1326,Clubhouse Sports,Clubhouse Sports,8,2008-12-12 0:00
1327,Der Camping-Laden,Der Camping-Laden,6,2009-09-12 0:00
1328,Club und Freizeit GmbH,Club und Freizeit GmbH,6,2010-07-14 0:00
1329,Aktive Freizeit,Aktive Freizeit,5,2012-09-13 0:00
1330,Die Bergexperten,Die Bergexperten,3,2010-12-06 0:00
1331,Die Sportstube,Die Sportstube,8,2011-10-12 0:00
1332,NaturbewuÌÙt,NaturbewuÌÙt,3,2009-09-13 0:00
1333,Die Camping-Halle,Die Camping-Halle,4,2012-09-13 0:00
1334,Der Camping-Spezialist,Der Camping-Spezialist,3,2009-02-12 0:00
1335,Super-Tourist,Super-Tourist,5,2007-05-13 0:00
1336,Schnelle Fitness,Schnelle Fitness,5,2009-07-13 0:00
1337,Sport Aktuell,Sport Aktuell,8,2013-05-14 0:00
1338,Ins Freie!,Ins Freie!,6,2011-03-15 0:00
1339,Zelte und mehr,Zelte und mehr,5,2011-03-08 0:00
1340,Reisemarkt,Reisemarkt,4,2011-03-16 0:00
1341,Wanderliebe,Wanderliebe,5,
1342,Freizeit-Consult,Freizeit-Consult,3,
1343,Zielmarkt,Zielmarkt,4,
1344,Optik,Optik,7,2008-01-13 0:00
1345,Superhike,Superhike,6,2010-07-16 0:00
1346,Wanderwelt,Wanderwelt,6,2010-08-13 0:00
1347,Sport-Lagerhalle,Sport-Lagerhalle,4,2012-05-17 0:00
1348,Der Alpinist,Der Alpinist,6,2013-01-16 0:00
1349,Sportwaren GmbH,Sportwaren GmbH,2,2007-08-13 0:00
1350,Big T's Camping Supplies,Big T's Camping Supplies,6,2012-02-06 0:00
1351,Lookout Below Ltd,Lookout Below Ltd,6,2013-01-10 0:00
1352,Hill Street Sports,Hill Street Sports,8,2010-03-08 0:00
1353,Wilderness Wonderment Ltd,Wilderness Wonderment Ltd,5,2008-02-12 0:00
1354,All Season Camping Goods,All Season Camping Goods,6,2012-01-10 0:00
1355,Pack Man,Pack Man,6,2010-09-08 0:00
1356,Alpenfreizeit,Alpenfreizeit,6,2012-09-15 0:00
1357,GipfelstÌ_rmer,GipfelstÌ_rmer,6,2010-05-10 0:00
1358,Ralph's Hike-Shop,Ralph's Hike-Shop,6,2010-08-13 0:00
1359,Expedition Outfitters,Expedition Outfitters,6,2010-07-12 0:00
1360,"Bicicletas La Rueda, S.A. de C.V.","Bicicletas La Rueda, S.A. de C.V.",4,2008-06-12 0:00
1361,"Cyclo-cross, S.A. de C.V.","Cyclo-cross, S.A. de C.V.",6,2007-11-12 0:00
1362,"Deportes Pepe, S.C.","Deportes Pepe, S.C.",8,2010-02-09 0:00
1363,"Deportes La Fortaleza, S.A. de C.V.","Deportes La Fortaleza, S.A. de C.V.",8,2009-10-13 0:00
1364,"Deportes MartÌ_n, S.A. de C.V.","Deportes MartÌ_n, S.A. de C.V.",3,2009-07-12 0:00
1365,"Grupo Lozano, S.A. de C.V.","Grupo Lozano, S.A. de C.V.",5,2009-08-12 0:00
1366,"Accesorios Importados, S.A. de C.V.","Accesorios Importados, S.A. de C.V.",7,2007-08-12 0:00
1367,OmniChoix,OmniChoix,2,2012-03-06 0:00
1368,Aventure MarchÌ©,Aventure MarchÌ©,3,2008-02-14 0:00
1369,Produits Vivifiants,Produits Vivifiants,3,2009-04-15 0:00
1370,Cyclo-cross,Cyclo-cross,5,
1371,Mont Blanc,Mont Blanc,5,2012-06-23 0:00
1372,Le Montagnard,Le Montagnard,5,2008-04-12 0:00
1373,Folie Verticale,Folie Verticale,6,2013-05-10 0:00
1374,L'ÌäquipÌ©e,L'ÌäquipÌ©e,6,2010-02-09 0:00
1375,Par monts et par vaux,Par monts et par vaux,6,2011-06-06 0:00
1376,Piquets et propane,Piquets et propane,6,2012-05-08 0:00
1377,Plein'R,Plein'R,6,2011-09-15 0:00
1378,Courses Montagne,Courses Montagne,6,2010-02-09 0:00
1379,Vaisselle ALPES,Vaisselle ALPES,6,2007-09-12 0:00
1380,Sud Sports,Sud Sports,8,2013-01-09 0:00
1381,Sport Plaisir,Sport Plaisir,8,2010-03-08 0:00
1382,Au vieux montagnard,Au vieux montagnard,8,2010-10-11 0:00
1383,La poudreuse,La poudreuse,8,2010-10-21 0:00
1384,Ski d'Ì©tÌ©,Ski d'Ì©tÌ©,8,2012-05-08 0:00
1385,Sports d'Hiver,Sports d'Hiver,8,2008-03-12 0:00
1386,Berger Sport en gros,Berger Sport en gros,4,2007-04-12 0:00
1387,Aux meilleurs prix,Aux meilleurs prix,4,2008-04-12 0:00
1388,Tout l'extÌ©rieur,Tout l'extÌ©rieur,4,2011-06-06 0:00
1389,Sports Magnet,Sports Magnet,8,2012-10-09 0:00
1390,Sporting Goods Direct,Sporting Goods Direct,4,2007-11-12 0:00
1391,Big Fundy Outfitters,Big Fundy Outfitters,6,2010-10-14 0:00
1392,Terra Nova Camping Rentals,Terra Nova Camping Rentals,5,2011-06-15 0:00
1393,Bill's Cycle Shop,Bill's Cycle Shop,8,2012-06-15 0:00
1394,Odds and Ends Fishing Tackle,Odds and Ends Fishing Tackle,6,2009-08-12 0:00
1395,Algonquin Camping Supplies,Algonquin Camping Supplies,6,2009-12-12 0:00
1396,Granite Mountain Gear,Granite Mountain Gear,6,2011-11-14 0:00
1397,Wild Willy's Sports,Wild Willy's Sports,8,2009-02-12 0:00
1398,Kavanagh Sports,Kavanagh Sports,8,2009-12-12 0:00
1399,The Wilderness Hut,The Wilderness Hut,6,2011-11-08 0:00
1400,Expedition Club,Expedition Club,4,
1401,Husky Outfitters,Husky Outfitters,6,2007-04-12 0:00
1402,Great Adventures,Great Adventures,6,2011-11-17 0:00
1403,Billing's Department Store,Billing's Department Store,2,2010-10-14 0:00
1404,Red Wiggler Tackle Shop,Red Wiggler Tackle Shop,6,2013-03-06 0:00
1405,Eagle Eyes,Eagle Eyes,7,2009-05-12 0:00
1406,Nature Voyageurs,Nature Voyageurs,6,2009-02-13 0:00
1407,Big Portage Outfitters,Big Portage Outfitters,6,2013-04-11 0:00
1408,The Wilderness Experts,The Wilderness Experts,6,2011-07-15 0:00
1409,I-wear Direct,I-wear Direct,3,2008-06-16 0:00
1410,The Golfing Pros,The Golfing Pros,1,2008-03-12 0:00
1411,Great Expeditions,Great Expeditions,6,2012-06-14 0:00
1412,Game On! Sports,Game On! Sports,8,2009-07-12 0:00
1413,Vertical Frontiers Mountain Gear,Vertical Frontiers Mountain Gear,6,2012-06-14 0:00
1414,Sportmans Warehouse,Sportmans Warehouse,4,2010-12-13 0:00
1415,Great River Adventures,Great River Adventures,6,2011-11-07 0:00
1416,Off Course Golf Shop,Off Course Golf Shop,1,2012-06-12 0:00
1417,The Wilderness Depot,The Wilderness Depot,4,2012-05-16 0:00
1418,Franklin's Department Store,Franklin's Department Store,2,2010-07-14 0:00
1419,Outdoors Direct,Outdoors Direct,3,2008-08-13 0:00
1420,The Driving Range,The Driving Range,1,2013-06-21 0:00
1421,The Last Frontier,The Last Frontier,6,2010-11-10 0:00
1422,The Golf Cart,The Golf Cart,1,2011-02-10 0:00
1423,Big Valley Camping Goods,Big Valley Camping Goods,6,2009-11-14 0:00
1424,The Sport Pros,The Sport Pros,8,2007-09-12 0:00
1425,Nature Bound,Nature Bound,6,2010-11-10 0:00
1426,The Sport Gurus,The Sport Gurus,8,2011-01-13 0:00
1427,Surf's Up!,Surf's Up!,8,2009-06-15 0:00
1428,Starting Line Sports,Starting Line Sports,8,2012-01-18 0:00
1429,Sports Crossing,Sports Crossing,8,2008-06-12 0:00
1430,Base Camp Essentials,Base Camp Essentials,6,2010-11-12 0:00
1431,Nature Lovers,Nature Lovers,6,2010-11-09 0:00
1432,The World of Sports,The World of Sports,8,2009-06-14 0:00
1433,The Bazaar,The Bazaar,2,2011-03-10 0:00
1434,The Sports Market,The Sports Market,8,2011-09-21 0:00
1435,On the Green Rentals,On the Green Rentals,5,2007-09-12 0:00
1436,Acute Sight,Acute Sight,7,2012-02-07 0:00
1437,Crazy Canucks,Crazy Canucks,6,2011-11-16 0:00
1438,Rent All Sports,Rent All Sports,5,
1439,The Mountain Specialists,The Mountain Specialists,6,2010-11-11 0:00
1440,The Canoe Experts,The Canoe Experts,6,2010-03-09 0:00
1441,Boot Camp Equipment,Boot Camp Equipment,4,2011-05-17 0:00
1442,Fresh Air Fitness,Fresh Air Fitness,8,2008-12-14 0:00
1443,Sports Vision,Sports Vision,8,2009-06-14 0:00
1444,Parr's Golf Store,Parr's Golf Store,1,2007-09-13 0:00
1445,The Sports Factory,The Sports Factory,2,2007-01-12 0:00
1446,Mom's Camping Goods,Mom's Camping Goods,6,2011-05-10 0:00
1447,Cycle Maniacs,Cycle Maniacs,8,2009-04-12 0:00
1448,Peak Gear,Peak Gear,6,2011-05-10 0:00
1449,Ultra Sport,Ultra Sport,8,2010-08-09 0:00
1450,Azabu Golf Shop,¼ÈŒüÄ‹â«‹ÄÇ‹Ä¥‹âá‹Ä¤‹ÄÄ‹ÄÑ,1,2011-11-09 0:00
1451,Daibutsu Golf Shop,‹âµ‹âø‹Ä©‹â«‹ÄÇ‹Ä¥‹âá‹Ä¤‹ÄÄ‹ÄÑ,1,2010-12-09 0:00
1452,Fukuoka Golf Shop,_Œ_Á‹â«‹ÄÇ‹Ä¥‹âá‹Ä¤‹ÄÄ‹ÄÑ,1,2010-12-08 0:00
1453,Gyutan Golf Shop,_´Š¼¥‹â«‹ÄÇ‹Ä¥‹âá‹Ä¤‹ÄÄ‹ÄÑ,1,2011-03-07 0:00
1454,Hakata Tozanyouhin Senmonten,Œ_Œ__ªÈŒ±±Ó¬ŒÒŒ¡âĞÛŒ¼Ñ,5,2011-06-13 0:00
1455,Hankai Tozanyouhinten,÷»ŒÊ¼ªÈŒ±±Ó¬ŒÒŒ¼Ñ,5,2007-11-12 0:00
1456,Hashimoto Sport Ten,¾©Ü¾ÏÂ‹â_‹Ä‹Ä_‹ÄãŒ¼Ñ,8,2012-01-09 0:00
1457,Jouhou Kakumei Net,¾ÄÉŒÊ±©ŒÔ_‹Ä‹ÄÄ‹Äö,3,2010-01-12 0:00
1458,Kansai Megane,Ğ¢´ÀÏ_Á,7,2012-09-18 0:00
1459,Kurashiro Golf Ten,ÓµŒÙ_‹â«‹ÄÇ‹Ä¥Œ¼Ñ,1,2010-10-12 0:00
1460,Mihara Sport,ŠüäŒ_Ù‹â_‹Ä‹Ä_‹Äã,8,2010-02-11 0:00
1461,Mitumaru Shoji Sport Youhinten,__¾«´ŠüüŒ¥ Š¼Ü‹â_‹Ä‹Ä_‹ÄãÓ¬ŒÒŒ¼Ñ,8,2010-02-11 0:00
1462,Nankyu Outdoor Youhin Senmonten,ŒÑ¾Û´‹â¢‹â_‹Äö‹Ää‹â¢Ó¬ŒÒŒ¡âĞÛŒ¼Ñ,6,2009-03-12 0:00
1463,Nitto Sport Ten,¾Ñ´¾±‹â_‹Ä‹Ä_‹ÄãŒ¼Ñ,8,
1464,Ozu Golf Shop,Œ¡¾«´‹â«‹ÄÇ‹Ä¥‹âá‹Ä¤‹ÄÄ‹ÄÑ,1,
1465,Sasaki Sport Ten,Š_‹ÛÉ¾Ï¬‹â_‹Ä‹Ä_‹ÄãŒ¼Ñ,8,2012-01-16 0:00
1466,Shinozaki Outdoor Shop,øÊŒ«_‹â¢‹â_‹Äö‹Ää‹â¢‹âá‹Ä¤‹ÄÄ‹ÄÑ,6,2007-07-12 0:00
1467,Shoumaru Hyakkaten,¾_£Šüüª__¬Œ¼Ñ,2,2009-07-13 0:00
1468,Todoroki Outdoor Shop,_ä‹ÛÉŒ_İ‹â¢‹â_‹Äö‹Ää‹â¢‹âá‹Ä¤‹ÄÄ‹ÄÑ,6,2013-03-05 0:00
1469,Tokyo Megane,¾±Š¼ÂÏ_Á,7,2007-03-12 0:00
1470,Uragome Outdoor Youhinten,¾µ___‹â¢‹â_‹Äö‹Ää‹â¢Ó¬ŒÒŒ¼Ñ,6,2007-08-12 0:00
1471,Yamazaki Sport Youhinten,Œ±±Œ«_‹â_‹Ä‹Ä_‹ÄãÓ¬ŒÒŒ¼Ñ,8,2007-03-12 0:00
1472,Nomura Outdoor Yohinten,à_¾Ô‹â¢‹â_‹Äö‹Ää‹â¢Ó¬ŒÒŒ¼Ñ,6,2010-07-13 0:00
1473,Toutate Hyakkaten,¾±ŒÈ¼ª__¬Œ¼Ñ,2,
1474,Benriya Net,Š_ÀŒö©Œ±Ü‹Ä‹ÄÄ‹Äö,3,2013-07-16 0:00
1475,Midoribashi Megane,áÔ¾©ÜÏ_Á,7,2009-10-12 0:00
1476,Mentai Sport Shop,ÕÔä‹â_‹Ä‹Ä_‹Äã‹âá‹Ä¤‹ÄÄ‹ÄÑ,8,2010-03-08 0:00
1477,Gone Bush Supplies,Gone Bush Supplies,5,2011-01-18 0:00
1478,Top End Equipment,Top End Equipment,3,2012-01-19 0:00
1479,4 Golf only,4 Golf only,1,2011-01-11 0:00
1480,Black Stump Camping Supplies,Black Stump Camping Supplies,6,2012-06-14 0:00
1481,OutBack Pty,OutBack Pty,6,2011-01-11 0:00
1482,Harbour Pty Ltd.,Harbour Pty Ltd.,4,2011-01-11 0:00
1483,Jackos Enviro Shop,Jackos Enviro Shop,4,2011-03-09 0:00
1484,Southern Cross Pty.,Southern Cross Pty.,7,2011-01-12 0:00
1485,Can't Beat The Bush Supplies,Can't Beat The Bush Supplies,3,2011-01-20 0:00
1486,Watson's Golf Supplies,Watson's Golf Supplies,1,2011-01-17 0:00
1487,Sporthaus Moser,Sporthaus Moser,6,2010-07-13 0:00
1488,Kaufhaus Freizeit,Kaufhaus Freizeit,2,2013-05-07 0:00
1489,Olympia AusrÌ_stung,Olympia AusrÌ_stung,4,2011-08-19 0:00
1490,Sportartikel-Fundgrube,Sportartikel-Fundgrube,8,2008-03-12 0:00
1491,Der Golfshop,Der Golfshop,1,2007-01-12 0:00
1492,ÌĞko-Versand,ÌĞko-Versand,3,2008-06-12 0:00
1493,Freizeit-Lager,Freizeit-Lager,4,2008-10-12 0:00
1494,Sportladen 1-2-3,Sportladen 1-2-3,8,2008-02-12 0:00
1495,Camping 2000,Camping 2000,6,2010-07-13 0:00
1496,De Camping Specialist,De Camping Specialist,6,2010-07-13 0:00
1497,Het Sporthuis,Het Sporthuis,8,2008-08-13 0:00
1498,Le Bazar,Le Bazar,2,2007-11-12 0:00
1499,Swing Back,Swing Back,1,2013-04-12 0:00
1500,Pleine Forme,Pleine Forme,8,2013-01-12 0:00
1501,Stock Express,Stock Express,4,2008-11-22 0:00
1502,Lojas do Esportista,Lojas do Esportista,8,2009-11-12 0:00
1503,PalÌÁcio do Camping,PalÌÁcio do Camping,6,2008-04-12 0:00
1504,Paulista Esportes,Paulista Esportes,1,2010-07-15 0:00
1505,Casa do Alpinista,Casa do Alpinista,8,2012-01-13 0:00
1506,Mega Shop do Esporte,Mega Shop do Esporte,4,2013-07-17 0:00
1507,EsportÌ_polis,EsportÌ_polis,4,2008-09-12 0:00
1508,Rei do Camping,Rei do Camping,6,2008-10-12 0:00
1509,Morro Sports,Morro Sports,8,2012-01-13 0:00
1510,Great Dragon Group,Œá¬_ªİ Œİ¢,7,2009-11-12 0:00
1511,W&S Gloria Sport Center,W&S ¾Ê_¾«İàÎŠ¼_ÀŒ_¬Šü_ŒÀÄ,3,2007-10-13 0:00
1512,"Shaoxing NARI Co., LTD.",ÈŒÉ«ŒÑÔ_¾ÏäªŒÉÂŒü,6,2011-01-12 0:00
1513,"Inner Mongolia Xin Zhong Co., LTD",Œ ÉÕªŒ_ŠÀÁŠü_¾ÏäªŒÉÂŒü,2,2010-04-12 0:00
1514,"Rainbow Service Co., LTD.",Œ_©ª_¾ÏŒ_Á¾ÏäªŒÉÂŒü,4,2011-03-14 0:00
1515,ORDER Group,ORDER İ Œİ¢,6,2008-12-13 0:00
1516,COMLINRK International Enterprises LTD.,COMLINRK Œİ_ªÉŒ¨_Šü_¾ÏäªŒÉÂŒü,6,2009-03-12 0:00
1517,"Kingdee Co., LTD.",àÔ¦¾ÏäªŒÉÂŒü,4,2007-09-12 0:00
1518,Classens,Classens,2,2008-08-12 0:00
1519,Golf Butikken,Golf Butikken,1,2010-06-08 0:00
1520,KÌübenhavn Brillecenter,KÌübenhavn Brillecenter,7,2010-03-08 0:00
1521,Aarhus Sport,Aarhus Sport,8,2010-03-09 0:00
1522,Vi Lejer Ud A/S,Vi Lejer Ud A/S,5,2008-02-12 0:00
1523,Campingvarehuset,Campingvarehuset,6,2007-08-22 0:00
1524,Media Center A/S,Media Center A/S,3,2007-12-12 0:00
1525,StorkÌüb,StorkÌüb,4,2012-03-09 0:00
1526,Hartvigsens,Hartvigsens,2,2009-02-15 0:00
1527,Martin's Golf,Martin's Golf,1,2007-01-12 0:00
1528,KÌübenhavn Storecenter,KÌübenhavn Storecenter,4,2012-02-10 0:00
1529,Tavaratalo Mattas Oy,Tavaratalo Mattas Oy,2,2008-12-12 0:00
1530,Sihvolan Postmyynti,Sihvolan Postmyynti,3,2008-03-12 0:00
1531,SilmÌ_asema Karell Oy,SilmÌ_asema Karell Oy,7,2008-02-13 0:00
1532,Golfmaailma HL,Golfmaailma HL,1,2011-06-07 0:00
1533,TÌ¦Ì¦lÌ¦n Urheilu ja PyÌ¦rÌ_,TÌ¦Ì¦lÌ¦n Urheilu ja PyÌ¦rÌ_,8,2010-10-12 0:00
1534,Urheilu Sihvola,Urheilu Sihvola,8,2008-02-12 0:00
1535,Rantalan Tukku,Rantalan Tukku,4,2007-05-12 0:00
1536,Gli Sportivi,Gli Sportivi,5,2007-01-12 0:00
1537,Mari&Monti,Mari&Monti,7,2009-01-12 0:00
1538,Tre Valli,Tre Valli,4,2008-01-12 0:00
1539,AcquaVerde,AcquaVerde,6,2008-04-12 0:00
1540,Rossi Accessori,Rossi Accessori,3,2007-11-12 0:00
1541,Le Vele,Le Vele,2,2012-05-09 0:00
1542,Giorgi,Giorgi,1,2010-04-13 0:00
1543,Centro dello Sportivo,Centro dello Sportivo,8,2013-05-08 0:00
1544,La Rondine,La Rondine,2,2013-01-15 0:00
1545,Compagnia dei Viaggiatori,Compagnia dei Viaggiatori,6,2012-06-13 0:00
1546,L' Esploratore,L' Esploratore,6,2010-10-11 0:00
1547,Hanaro Department,’¥÷‘â÷‘ÁÏ ‘¡±’ªÓ“Ê,2,2010-01-12 0:00
1548,Asan Department,“¥ã“â¡ ‘¡±’ªÓ“Ê,2,2012-06-13 0:00
1549,Daeung Rental,‘ÎÛ“Ô ‘ÊÎ’Äö,5,2009-07-12 0:00
1550,Hanshin Department,’¥Ï“ÜÊ ‘¡±’ªÓ“Ê,2,2010-02-09 0:00
1551,DongHan company,‘ª’¥Ï ’_Î“âÂ,3,2007-09-13 0:00
1552,Tongil Sports,’ µ“_ “__’Â“üÊ,8,2012-03-06 0:00
1553,Hankook Sports,’¥Ïµ_ “__’Â“üÊ,8,2011-08-08 0:00
1554,Kong's Sports,_µ“__ “__’Â“üÊ,8,2007-10-14 0:00
1555,Shingu Golf,“ÜÊµÂ _¬’Óã,1,2013-04-10 0:00
1556,Samdo Club,“â_‘ã ’«‘Ù_,4,2008-08-12 0:00
1557,SportTotaal,SportTotaal,4,2011-07-11 0:00
1558,Sport Gezond,Sport Gezond,2,2012-02-07 0:00
1559,Van Out Bv.,Van Out Bv.,7,2009-03-12 0:00
1560,Anywhere Everywhere,Anywhere Everywhere,7,2013-01-09 0:00
1561,Het Fitte Gevoel,Het Fitte Gevoel,1,2011-03-14 0:00
1562,Cornelius' buitensport,Cornelius' buitensport,6,2009-12-12 0:00
1563,Klimmeester,Klimmeester,6,2012-04-18 0:00
1564,Fred's Sportpaleis,Fred's Sportpaleis,4,2008-07-12 0:00
1565,Eurobal,Eurobal,8,2012-05-09 0:00
1566,Kampeer Top Shop,Kampeer Top Shop,6,2009-01-12 0:00
1567,Klimgek Bv.,Klimgek Bv.,6,2010-11-08 0:00
1568,Aarde Rond Bv.,Aarde Rond Bv.,5,
1569,Picos,Picos,2,2012-05-15 0:00
1570,Valle Luz,Valle Luz,2,2011-04-12 0:00
1571,CandanchÌ¼,CandanchÌ¼,6,2008-05-12 0:00
1572,Golf EspaÌ±a,Golf EspaÌ±a,1,2010-07-15 0:00
1573,Alpino,Alpino,6,2009-09-14 0:00
1574,Supremas MontaÌ±as,Supremas MontaÌ±as,6,2010-12-07 0:00
1575,CrÌ¬mes solaires,CrÌ¬mes solaires,6,2012-03-17 0:00
1576,Contacts maisons,Contacts maisons,3,2011-01-21 0:00
1577,Construction Montagne,Construction Montagne,4,2011-06-17 0:00
1578,RosaCamping,RosaCamping,6,2012-03-07 0:00
1579,Optikhaus,Optikhaus,7,2011-01-20 0:00
1580,Bergsteiger-GlÌ_ck,Bergsteiger-GlÌ_ck,2,2012-03-06 0:00
1581,La Slitta,La Slitta,2,2012-01-13 0:00
1582,Cordages Divers,Cordages Divers,6,2012-03-08 0:00
1583,Topsport,Topsport,8,2011-03-10 0:00
1584,Escalades voyages,Escalades voyages,3,
1585,Divers Montagne,Divers Montagne,6,2011-03-08 0:00
1586,Camping douceur,Camping douceur,6,2011-01-18 0:00
1587,Haus der Tramper,Haus der Tramper,2,2011-01-11 0:00
1588,Supertramp,Supertramp,4,2011-01-21 0:00
1589,Alpin Sport,Alpin Sport,6,2012-04-21 0:00
1590,Gregoretti Sport,Gregoretti Sport,3,
1591,Tentes et cordages,Tentes et cordages,6,2013-04-09 0:00
1592,Golf Haus,Golf Haus,1,2011-01-12 0:00
1593,Camp 34,Camp 34,6,2012-01-12 0:00
1594,Mondo Neve,Mondo Neve,5,2011-01-21 0:00
1595,World-Wild Sport Equipment Co.,_øÄÀŒ_¬£ÉŒ_àŒÉÂŒü,6,2011-12-13 0:00
1596,Gin May Enterprises Co.,àÔ¾¢ÉŒ¨_Šü_ŒÉÂŒü,1,2012-06-14 0:00
1597,Yuan Li Enterprises Co.,¾¼Œ_İŒ¨_Šü_ŒÉÂŒü,4,2007-08-13 0:00
1598,Hong Wai Enterprises Co.,¼¢Œ_ĞŒ¨_Šü_ŒÉÂŒü,5,2009-09-12 0:00
1599,Chuan Yang Sport Equipment Co.,Œá¾«ÜÀŒ_¬£ÉŒ_àŒÉÂŒü,6,2007-01-12 0:00
1600,Moun Tin Huan Health & Sport Equipment Co.,ÕªŒ_©_øŒ´Œ¼áŒÕÎÀŒ_¬£ÉŒ_àŒÉÂŒü,3,2007-10-13 0:00
1601,Extensive Enterprises Co.,Œ¨ÀÏŒ¨_Šü_ŒÉÂŒü,6,2012-06-16 0:00
1602,James Enterprise Co.,©_Œ¤ Œ£ÇŒ¨_Šü_ŒÉÂŒü,6,2007-07-12 0:00
1603,"Chen Ze May Enterprises Co., Ltd.",ªö¾__¾¢ÉŒ¨_Šü_¾ÏäªŒÉÂŒü,4,2013-03-14 0:00
1604,Percy's Irons,Percy's Irons,1,2008-01-12 0:00
1605,Baxters Pro Shop,Baxters Pro Shop,1,2010-03-09 0:00
1606,Breathe Free ltd,Breathe Free ltd,3,2009-02-12 0:00
1607,Brown's Opticians,Brown's Opticians,7,2013-01-09 0:00
1608,Campland Limited,Campland Limited,6,2009-02-12 0:00
1609,Country Esquire,Country Esquire,6,2013-04-11 0:00
1610,Edge Mountainwear,Edge Mountainwear,6,2010-10-15 0:00
1611,FreshCo,FreshCo,2,2009-11-19 0:00
1612,Berkshire Traders,Berkshire Traders,6,2010-10-21 0:00
1613,Outdoor World,Outdoor World,6,2009-01-14 0:00
1614,Seamate Chandlers,Seamate Chandlers,6,2008-05-12 0:00
1615,Smith's Chemists,Smith's Chemists,4,2007-11-12 0:00
1616,Sportlife,Sportlife,8,2012-01-12 0:00
1617,Starsight Limited,Starsight Limited,3,2007-05-13 0:00
1618,The Cutting Edge,The Cutting Edge,3,
1619,Tee Time Limited,Tee Time Limited,1,2010-07-15 0:00
1620,The Golf Boutique,The Golf Boutique,1,2007-10-12 0:00
1621,Total Sports,Total Sports,8,2007-09-12 0:00
1622,Visual Experience,Visual Experience,6,2010-10-20 0:00
1623,The Village Chemist,The Village Chemist,4,2012-04-14 0:00
1624,Franklins',Franklins',2,2010-03-08 0:00
1625,Focus Eyewear,Focus Eyewear,7,2012-03-08 0:00
1626,RR:s Stormarknad,RR:s Stormarknad,2,2010-05-20 0:00
1627,Jakt och Fritid AB,Jakt och Fritid AB,6,2010-06-07 0:00
1628,KlÌ_ttringsexperten AB,KlÌ_ttringsexperten AB,3,
1629,Cykelcentrum,Cykelcentrum,8,2012-01-10 0:00
1630,Fritidscenter,Fritidscenter,5,
1631,Skog & Mark AB,Skog & Mark AB,7,2008-03-12 0:00
1632,Golf Butiken,Golf Butiken,1,2007-12-16 0:00
1633,Hole in One AB,Hole in One AB,1,2013-01-08 0:00
1634,REX KlÌ_tterutrustning AB,REX KlÌ_tterutrustning AB,4,
1635,Allt fÌ¦r camping AB,Allt fÌ¦r camping AB,6,2009-04-23 0:00
1636,Aqua Sport,Aqua Sport,8,2010-09-06 0:00
1637,Sport Experten AB,Sport Experten AB,8,2012-04-11 0:00
1638,Toppform AB,Toppform AB,4,2007-02-12 0:00
1639,Stinas Campingutrustning,Stinas Campingutrustning,6,2010-04-21 0:00
1640,Kermasport,Kermasport,7,2009-03-21 0:00
1641,Aktiv Markt,Aktiv Markt,8,2008-02-13 0:00
1642,Sportarena,Sportarena,8,2008-04-12 0:00
1643,Nautic Aspect,Nautic Aspect,8,2008-11-13 0:00
1644,Vitasport,Vitasport,8,2010-01-15 0:00
1645,Le campeur,Le campeur,6,2011-05-11 0:00
1646,Jackson Sporting Goods,Jackson Sporting Goods,8,2009-11-12 0:00
1647,Sport Supply,Sport Supply,8,2009-01-14 0:00
1648,Champs,Champs,8,2008-01-12 0:00
1649,Golf Universe,Golf Universe,1,2009-05-14 0:00
1650,Barry's Discount Golf Shop,Barry's Discount Golf Shop,1,2008-02-14 0:00
1651,Grapevine Golf,Grapevine Golf,1,2008-09-15 0:00
1652,Goldberg Golf & Tennis,Goldberg Golf & Tennis,1,2009-10-15 0:00
1653,Sallinger's Power Golf,Sallinger's Power Golf,1,2008-05-15 0:00
1654,CanDepot,CanDepot,2,2010-10-13 0:00
1656,Sporting Goods,Sporting Goods,8,2010-03-08 0:00
1657,Golf Etc,Golf Etc,1,2009-11-15 0:00
1658,The Power Swing,The Power Swing,1,2008-01-12 0:00
1659,Grapevive Golf,Grapevive Golf,1,2007-06-12 0:00
1660,Action Factory,Action Factory,8,2010-10-12 0:00
1661,Silversport,Silversport,8,2010-10-12 0:00
1662,GoSportGo,GoSportGo,8,2009-10-12 0:00
1663,Sport Planet,Sport Planet,8,2007-09-12 0:00
1664,Hallman Sports,Hallman Sports,8,2008-03-12 0:00
1665,Ulkopuolella,Ulkopuolella,6,2010-01-12 0:00
1666,Ulkosalla,Ulkosalla,6,2008-08-12 0:00
1667,Shinbashi sports store,¾Ğ¡¾©Ü‹â_‹Ä‹Ä_‹ÄãŒ¼Ñ,6,2008-02-13 0:00
1668,South Yodogawa sports,¾áÛŒá‹À‹»‹À‹â_‹Ä‹Ä_‹Äã,6,2007-01-12 0:00
1669,Super National Co. Ltd.,•_ö¾Ê»•_ä‹â_‹Ä_‹ÄÔ‹Ä_‹Ä_‹Ä‹Ä´‹Ä©‹ÄÇ,6,2013-04-13 0:00
1670,Sports Scene,Sports Scene,8,2008-06-12 0:00
1671,JV Sports,JV Sports,8,2013-03-05 0:00
1672,Ike's Sports and Leisure,Ike's Sports and Leisure,8,2009-05-12 0:00
1673,Fitworld,Fitworld,8,2008-10-12 0:00
1674,Up and Running,Up and Running,8,2013-03-07 0:00
1675,Shanghai first sporting goods shopping center,Šü_¾µáÂÂŠüÛŠ_Òâ_Ó¬ŒÒŒ¥ ŒÏ¼,8,2008-06-12 0:00
1676,Pudong campaign commercial goods Monopoly,¾µ_ŠüÏÀŒ_¬ŒÒŠüÒŒĞŒ¥ Œ__,8,2008-08-13 0:00
1677,Nike sports goods boutique,ÛŒÉÜÀŒ_¬ŒÒŠüÒŒĞŒ¼Ñ,8,2007-07-13 0:00
1678,Shanghai Ruiyu fitness leisure Ltd.,Šü_¾µáÔ_Œ¨àŒ´¼ÇŠ_ÔÑ_Ó¬ŒÒ¾ÏäªŒÉÂŒü,8,2008-02-12 0:00
1679,Kennex sporting goods Co. Ltd.,âøŒ¡_Œ£ÇŠ_Òâ_Ó¬ŒÒ¾ÏäªŒÉÂŒü,8,2008-08-12 0:00
1680,Double happiness sports store,¼¢ŒÎŒĞÏŠ_Òâ_Ó¬ŒÒŒ¼Ñ,8,2009-03-12 0:00
1681,Dekalb Avignon (Shanghai) sporting goods Co. Ltd.,À»ŒÁŠ_Â•_öŠü_¾µá•_äŠ_Òâ_Ó¬ŒÒ¾ÏäªŒÉÂŒü,8,2009-09-12 0:00
1682,Shanghai Shengqing outdoors Company,Šü_¾µáÄÏ_¬¾öáŒ_ĞÓ¬ŒÒŒÉÂŒü,6,2008-06-12 0:00
1683,Maoyu outdoors shop,ÎÇİ¬¾öáŒ_ĞÓ¬ŒÒŒ¼Ñ,6,2009-05-12 0:00
1684,Buruilin outdoor leisure Club,ŒüÄÔ_¾_Ñ¾öáŒ_ĞŠ_ÔÑ_ŠÀ±Š_Ä¬,6,2007-09-12 0:00
1685,Tiankong outdoors shop,Œ_©©¼¾öáŒ_ĞÓ¬ŒÒŒ¼Ñ,6,2007-12-13 0:00
1686,Shanghai Theis golf goods Co. Ltd.,Šü_¾µá¼_Œü¾_¡¾ĞøÇ÷Œ¡ÓŒ_ÇÓ¬ŒÒ¾ÏäªŒÉÂŒü,1,2010-06-10 0:00
1687,Baicida golf products development Ltd.,ª_µ__Ç÷Œ¡ÓŒ_ÇŠ_Òâ_Ó¬ŒÒŒÔŒ±¥¾ÏäªŒÉÂŒü,1,2010-06-10 0:00
1688,Benjian golf stores,¾ÏÂÑ«Ç÷Œ¡ÓŒ_ÇÓ¬ŒÒŒ¥ Œ¼Ñ,1,2012-04-18 0:00
1689,Changqing golf stores,¥ÀÕÇ÷Œ¡ÓŒ_ÇÓ¬ŒÒŒ¼Ñ,1,2012-04-10 0:00
1690,Shanghai international outdoors Monopoly,Šü_¾µáŒİ_ªÉ¾öáŒ_ĞÓ¬ŒÒŠüÒŒĞŒ¼Ñ,6,2007-05-12 0:00
1691,Shanghai Jianhua camping supplies shop,Šü_¾µáŒ´Œ_Ï_´Ó¬ŒÒŒ¼Ñ,6,2009-07-12 0:00
1692,Nanyang outdoors equipment,ŒÑ¾«ÜŒ¨_Œ_ĞŒª¬¾¢¡,6,2007-10-12 0:00
1693,Sentosa group shop,ŒÏ£¾á÷¾_ªÈãŒ¼Ñ,6,2008-03-13 0:00
1694,Niaojie Characteristics supplies,Š_Î_âáøä_ä_Ó¬ŒÒ,6,2011-12-22 0:00
1695,Tingyu Pavilion,ŒÂİ¬÷,6,2011-12-21 0:00
1696,Nanhe travel Co. Ltd.,ŒÑŒÕÎ¾ÑÉÁÎ__¾ÏäªŒÉÂŒü,6,2011-12-13 0:00
1697,Metro department store,___Ñ,2,2008-06-12 0:00
1698,Shi Ja Dong Co. Ltd.,Œø¼Œ¨¦Ô£¾ÏäªŒÉÂŒü,2,2007-03-12 0:00
1699,Marco & Figli,Marco & Figli,1,2008-05-12 0:00
1700,Deposito di golf,Deposito di golf,1,2011-04-11 0:00
1701,Randello,Randello,1,2011-04-18 0:00
1702,Gammamoto,Gammamoto,6,2011-04-13 0:00
1703,Sulla montagna,Sulla montagna,6,2010-04-14 0:00
1704,Accapamento,Accapamento,6,2011-04-18 0:00
1705,All'aperto esperienza,All'aperto esperienza,6,2010-12-06 0:00
1707,Univers extÌ©rieur,Univers extÌ©rieur,6,2012-04-10 0:00
1708,Air frais,Air frais,6,2012-04-10 0:00
1709,Euro-Kaufhaus,Euro-Kaufhaus,8,2007-12-12 0:00
1710,Galeria Sport,Galeria Sport,8,2009-05-13 0:00
1711,Aktive Markt,Aktive Markt,8,2008-07-13 0:00
1712,Unternehmungslustig,Unternehmungslustig,8,2007-10-12 0:00
1713,Golfverein,Golfverein,1,2009-09-12 0:00
1714,GolfausrÌ_stung,GolfausrÌ_stung,1,2008-07-12 0:00
1715,Roadrunners store,‹Ä_‹Ä_‹Ää‹Ä©‹Ä_‹Ä_‹Ä_ ‹â_‹Äö‹â¢,6,2008-01-12 0:00
1716,Metropolis,ŠüÈ_Ä_Œüâ,6,2008-12-14 0:00
1717,Sports & Outdoors,‹â_‹Ä‹Ä_‹Äã & ‹â¢‹â_‹Äö‹Ää‹â¢,6,2008-03-13 0:00
1718,1 for 1 Sports shop,•_Ô•_ •_•_Õ•_Ô‹â_‹Ä‹Ä_‹Äã‹âá‹Ä¤‹ÄÄ‹ÄÑ,6,2007-01-14 0:00
1719,ICI Umeda Campaign store,•_©•_£•_©¾¢ÉÓ¡‹â_‹Ä£‹Ä_‹ÄÓ‹Ä_‹â¡Œ¼Ñ,6,2011-03-07 0:00
1720,Blizzard super outdoors Japan Inc.,¾Ê»Œ_Š____‹ÄĞ‹Ä»‹â¦‹Ä_‹Ää‹â_‹Ä_‹ÄÔ‹Ä_‹â¢‹â_‹Äö‹Ää‹â¢‹âü‹Ä£‹ÄÔ‹Ä_,6,2007-05-12 0:00
1722,Alpine gallary sports,‹â¢‹ÄÇ‹Ä_‹Ä_‹â¨‹Ä£‹Ä©‹Ä»‹Ä_‹â_‹Ä‹Ä_‹Äã,8,2012-04-17 0:00
1723,Nanba Walk sporting goods Co. Ltd.,Š_Òâ_Ó¬ŒÒ¾Ê»Œ_Š____ ‹Ä_‹Ä_‹Ä‹â_‹â©‹Ä_‹âø‹ÄÈ‹â_‹Ä‹Ä_‹ÄãŒ¼Ñ,8,2010-05-21 0:00
1724,"Mikami Co. Ltd.,  Osaka",‹ÄÙ‹âÇ‹ÄÙ¾Ê»Œ_Š____ Œ_¤÷»Œ¼Ñ•_öŠÈ£•_ä,8,2010-05-10 0:00
1725,B&D Yodoyabashi adhoc store,•_¢•_ •__¾áÛŒ±Ü¾©Ü‹â¢‹Ää‹Äİ‹ÄÄ‹âøŒ¼Ñ,8,2011-03-07 0:00
1726,Love Sports Nanba store,‹ª‹_‹Ä_‹_Œ_¤Œ´_‹‹»‹âÒ‹¡Œ¼Ñ,8,2008-02-12 0:00
1728,Island Sports,Island Sports,8,2009-09-12 0:00
1730,Sport Basement,Sport Basement,8,2009-02-12 0:00
1731,Backcountry Discovery,Backcountry Discovery,6,2009-11-14 0:00
1732,Wilderness Gear,Wilderness Gear,6,2007-04-15 0:00
1733,Backpacking and Mountaineering,Backpacking and Mountaineering,6,2007-04-14 0:00
1734,Amisport,Amisport,6,2010-05-10 0:00
1735,Air marin,Air marin,6,2007-07-12 0:00
1736,Amis de montagne,Amis de montagne,6,2010-05-12 0:00
1737,Ìäquipement campant,Ìäquipement campant,6,2007-08-12 0:00
1738,Galerie Sport,Galerie Sport,8,2009-01-12 0:00
1739,Monde de sport,Monde de sport,8,2007-09-12 0:00
1740,Jeunesse active,Jeunesse active,8,2008-08-12 0:00
1741,Golf Plaza,Golf Plaza,1,2009-02-12 0:00
1742,Golf Plus,Golf Plus,1,2009-09-12 0:00
1743,Sport Gestion,Sport Gestion,8,2008-12-19 0:00
1744,Objetivo Sport,Objetivo Sport,8,2010-01-12 0:00
1745,Bazar Sport,Bazar Sport,8,2011-03-09 0:00
1746,Mundo del deporte,Mundo del deporte,8,2011-12-14 0:00
1747,Universo del deporte,Universo del deporte,8,2009-08-12 0:00
1748,Equipo del deporte,Equipo del deporte,8,2011-11-10 0:00
1749,Conception franÌ¤aise,Conception franÌ¤aise,2,2008-11-13 0:00
1750,Optical Vision,Optical Vision,7,2007-03-12 0:00
1751,4 Your Eyes,4 Your Eyes,7,2013-01-11 0:00
1752,New Vision,New Vision,3,2008-08-12 0:00
1753,Stock & Save,Stock & Save,4,2009-12-12 0:00
1754,The Liquidators,The Liquidators,4,2011-11-15 0:00
1755,Vista Group,Vista Group,3,2013-07-19 0:00
1756,Salon optique,Salon optique,7,2007-12-12 0:00
1757,Niu Che Shui Commercial,äİ__¾¡«Œ¥ Œ__,6,2007-10-12 0:00
1758,Wujie Guangchang equipment,Š_Î_âáøŒ_ÀŒÏ¼Œª¬¾¢¡,6,2007-04-12 0:00
1759,Optiek Benelux,Optiek Benelux,7,2008-01-12 0:00
1760,Ar fresco,Ar fresco,6,2007-06-12 0:00
1761,Universo Acampando,Universo Acampando,6,2009-07-12 0:00
1762,Ao ar livre,Ao ar livre,6,2008-05-12 0:00
1763,GalÌÁxia do esporte,GalÌÁxia do esporte,8,2007-11-12 0:00
1764,Mundo saudÌÁvel,Mundo saudÌÁvel,8,2009-01-12 0:00
1765,ArmazÌ©m do esporte,ArmazÌ©m do esporte,8,2009-08-12 0:00
1766,PalÌÁcio do esporte,palÌÁcio do esporte,8,2007-04-13 0:00
1767,Golf Town,Golf Town,1,2011-03-17 0:00
1768,Golf Exchange,Golf Exchange,1,2013-03-07 0:00
1769,Meister,Meister,8,2011-02-09 0:00
1770,Sportuniversum,Sportuniversum,8,2011-02-10 0:00